-- Import CSV data into assessment content tables

-- 1. assessment_flows
INSERT INTO public.assessment_flows (id, code, title_key, active, "default", created_at) VALUES
('eb856241-28fb-417b-b43a-38b8bbeec6cd', 'registration_23q', 'flow.registration_23q.title', true, true, '2025-10-12T17:36:24.283750+00:00');

-- 2. flow_sections
INSERT INTO public.flow_sections (id, flow_id, section_index, title_key, description_key) VALUES
('d6b66867-b78f-416e-9595-7eb82027155e', 'eb856241-28fb-417b-b43a-38b8bbeec6cd', 1, 'flow.registration_23q.section1', 'flow.registration_23q.section1.desc'),
('edd0be50-1ad0-41d0-992f-250b76f0addd', 'eb856241-28fb-417b-b43a-38b8bbeec6cd', 2, 'flow.registration_23q.section2', 'flow.registration_23q.section2.desc'),
('51a2c70f-157a-4cc5-952f-a685f0656846', 'eb856241-28fb-417b-b43a-38b8bbeec6cd', 3, 'flow.registration_23q.section3', 'flow.registration_23q.section3.desc');

-- 3. question_bank (23 questions)
INSERT INTO public.question_bank (id, code, pillar, level, active, version, created_at, updated_at) VALUES
('eb23cd91-23cd-4dba-b6c5-846c1384d6b9', 'Q01_computational_power', 'computational_power', 'beginner', true, 1, '2025-10-12T17:36:24.283750+00:00', '2025-10-12T17:36:24.283750+00:00'),
('7dedf3c2-de6e-4429-9474-decf6cf04e8d', 'Q02_computational_power', 'computational_power', 'intermediate', true, 1, '2025-10-12T17:36:24.283750+00:00', '2025-10-12T17:36:24.283750+00:00'),
('6fe9855f-3aa6-49ff-a679-34a21829e0ad', 'Q03_computational_power', 'computational_power', 'expert', true, 1, '2025-10-12T17:36:24.283750+00:00', '2025-10-12T17:36:24.283750+00:00'),
('1ec0bdd4-aca9-431a-8fad-2b51f6482ae6', 'Q04_computational_power', 'computational_power', 'beginner', true, 1, '2025-10-12T17:36:24.283750+00:00', '2025-10-12T17:36:24.283750+00:00'),
('5f9e1331-9d82-4998-8d80-9f634bce55f1', 'Q05_computational_power', 'computational_power', 'intermediate', true, 1, '2025-10-12T17:36:24.283750+00:00', '2025-10-12T17:36:24.283750+00:00'),
('8b205e0f-1047-4fdf-a16c-a457761e62f4', 'Q06_communication', 'communication', 'expert', true, 1, '2025-10-12T17:36:24.283750+00:00', '2025-10-12T17:36:24.283750+00:00'),
('4f54d201-39c3-4d4d-8388-6a12e7fa7eac', 'Q07_communication', 'communication', 'beginner', true, 1, '2025-10-12T17:36:24.283750+00:00', '2025-10-12T17:36:24.283750+00:00'),
('bcac1e28-c8ae-4364-977f-6901a0f2c059', 'Q08_communication', 'communication', 'intermediate', true, 1, '2025-10-12T17:36:24.283750+00:00', '2025-10-12T17:36:24.283750+00:00'),
('8330b018-7ea9-490a-80dd-a9fde2697073', 'Q09_communication', 'communication', 'expert', true, 1, '2025-10-12T17:36:24.283750+00:00', '2025-10-12T17:36:24.283750+00:00'),
('14884ac2-eb53-4a9a-a1b4-3f486012f8da', 'Q10_communication', 'communication', 'beginner', true, 1, '2025-10-12T17:36:24.283750+00:00', '2025-10-12T17:36:24.283750+00:00'),
('08d3a6a3-8ae0-4b5c-9701-2cf9dd7ef79c', 'Q11_knowledge', 'knowledge', 'intermediate', true, 1, '2025-10-12T17:36:24.283750+00:00', '2025-10-12T17:36:24.283750+00:00'),
('6cc73659-ccfd-42d0-bb65-8010aed67a32', 'Q12_knowledge', 'knowledge', 'expert', true, 1, '2025-10-12T17:36:24.283750+00:00', '2025-10-12T17:36:24.283750+00:00'),
('8c42140a-8087-49f5-ae9f-96cf225294f7', 'Q13_knowledge', 'knowledge', 'beginner', true, 1, '2025-10-12T17:36:24.283750+00:00', '2025-10-12T17:36:24.283750+00:00'),
('499f5286-f75a-47ad-8727-15f1fdffaba4', 'Q14_knowledge', 'knowledge', 'intermediate', true, 1, '2025-10-12T17:36:24.283750+00:00', '2025-10-12T17:36:24.283750+00:00'),
('c4be3391-53c7-4d87-bf4e-6ea8b0140c1c', 'Q15_creativity', 'creativity', 'expert', true, 1, '2025-10-12T17:36:24.283750+00:00', '2025-10-12T17:36:24.283750+00:00'),
('6d356188-441f-4d16-bfb5-17d86a37823e', 'Q16_creativity', 'creativity', 'beginner', true, 1, '2025-10-12T17:36:24.283750+00:00', '2025-10-12T17:36:24.283750+00:00'),
('1caa4375-be88-49f3-a7ee-271bc53a5c55', 'Q17_creativity', 'creativity', 'intermediate', true, 1, '2025-10-12T17:36:24.283750+00:00', '2025-10-12T17:36:24.283750+00:00'),
('d32a7f92-aedb-4b69-89ad-bd80f1b0a56e', 'Q18_creativity', 'creativity', 'expert', true, 1, '2025-10-12T17:36:24.283750+00:00', '2025-10-12T17:36:24.283750+00:00'),
('d62c4499-c9f7-4fda-858c-e21e2ebfafa4', 'Q19_drive', 'drive', 'beginner', true, 1, '2025-10-12T17:36:24.283750+00:00', '2025-10-12T17:36:24.283750+00:00'),
('cf41eafe-8eaf-4e9e-a7a3-0e41efdee2d4', 'Q20_drive', 'drive', 'intermediate', true, 1, '2025-10-12T17:36:24.283750+00:00', '2025-10-12T17:36:24.283750+00:00'),
('6dc0e09e-a9ee-4894-97a7-ab90c5db8ec3', 'Q21_drive', 'drive', 'expert', true, 1, '2025-10-12T17:36:24.283750+00:00', '2025-10-12T17:36:24.283750+00:00'),
('6f9cc60d-c36c-45fa-afcf-81e0addc3fa9', 'Q22_drive', 'drive', 'beginner', true, 1, '2025-10-12T17:36:24.283750+00:00', '2025-10-12T17:36:24.283750+00:00'),
('2f19eca0-0e3f-4af8-a8ea-0f9bf1868a64', 'Q23_drive', 'drive', 'intermediate', true, 1, '2025-10-12T17:36:24.283750+00:00', '2025-10-12T17:36:24.283750+00:00');

-- 4. question_localizations (69 rows - 23 questions × 3 languages)
INSERT INTO public.question_localizations (question_id, lang, prompt, helper) VALUES
('eb23cd91-23cd-4dba-b6c5-846c1384d6b9', 'it', 'Mi sento a mio agio nell''analizzare dati e numeri complessi.', 'Seleziona il livello che meglio ti descrive.'),
('eb23cd91-23cd-4dba-b6c5-846c1384d6b9', 'en', 'I feel comfortable analyzing complex data and numbers.', 'Select the level that best describes you.'),
('eb23cd91-23cd-4dba-b6c5-846c1384d6b9', 'es', 'Me siento cómodo analizando datos y números complejos.', 'Selecciona el nivel que mejor te describa.'),
('7dedf3c2-de6e-4429-9474-decf6cf04e8d', 'it', 'Mi sento a mio agio nell''analizzare dati e numeri complessi.', 'Seleziona il livello che meglio ti descrive.'),
('7dedf3c2-de6e-4429-9474-decf6cf04e8d', 'en', 'I feel comfortable analyzing complex data and numbers.', 'Select the level that best describes you.'),
('7dedf3c2-de6e-4429-9474-decf6cf04e8d', 'es', 'Me siento cómodo analizando datos y números complejos.', 'Selecciona el nivel que mejor te describa.'),
('6fe9855f-3aa6-49ff-a679-34a21829e0ad', 'it', 'Mi sento a mio agio nell''analizzare dati e numeri complessi.', 'Seleziona il livello che meglio ti descrive.'),
('6fe9855f-3aa6-49ff-a679-34a21829e0ad', 'en', 'I feel comfortable analyzing complex data and numbers.', 'Select the level that best describes you.'),
('6fe9855f-3aa6-49ff-a679-34a21829e0ad', 'es', 'Me siento cómodo analizando datos y números complejos.', 'Selecciona el nivel que mejor te describa.'),
('1ec0bdd4-aca9-431a-8fad-2b51f6482ae6', 'it', 'Mi sento a mio agio nell''analizzare dati e numeri complessi.', 'Seleziona il livello che meglio ti descrive.'),
('1ec0bdd4-aca9-431a-8fad-2b51f6482ae6', 'en', 'I feel comfortable analyzing complex data and numbers.', 'Select the level that best describes you.'),
('1ec0bdd4-aca9-431a-8fad-2b51f6482ae6', 'es', 'Me siento cómodo analizando datos y números complejos.', 'Selecciona el nivel que mejor te describa.'),
('5f9e1331-9d82-4998-8d80-9f634bce55f1', 'it', 'Mi sento a mio agio nell''analizzare dati e numeri complessi.', 'Seleziona il livello che meglio ti descrive.'),
('5f9e1331-9d82-4998-8d80-9f634bce55f1', 'en', 'I feel comfortable analyzing complex data and numbers.', 'Select the level that best describes you.'),
('5f9e1331-9d82-4998-8d80-9f634bce55f1', 'es', 'Me siento cómodo analizando datos y números complejos.', 'Selecciona el nivel que mejor te describa.'),
('8b205e0f-1047-4fdf-a16c-a457761e62f4', 'it', 'Comunico idee complesse in modo chiaro a pubblici diversi.', 'Seleziona il livello che meglio ti descrive.'),
('8b205e0f-1047-4fdf-a16c-a457761e62f4', 'en', 'I communicate complex ideas clearly to different audiences.', 'Select the level that best describes you.'),
('8b205e0f-1047-4fdf-a16c-a457761e62f4', 'es', 'Comunico ideas complejas con claridad a diferentes públicos.', 'Selecciona el nivel que mejor te describa.'),
('4f54d201-39c3-4d4d-8388-6a12e7fa7eac', 'it', 'Comunico idee complesse in modo chiaro a pubblici diversi.', 'Seleziona il livello che meglio ti descrive.'),
('4f54d201-39c3-4d4d-8388-6a12e7fa7eac', 'en', 'I communicate complex ideas clearly to different audiences.', 'Select the level that best describes you.'),
('4f54d201-39c3-4d4d-8388-6a12e7fa7eac', 'es', 'Comunico ideas complejas con claridad a diferentes públicos.', 'Selecciona el nivel que mejor te describa.'),
('bcac1e28-c8ae-4364-977f-6901a0f2c059', 'it', 'Comunico idee complesse in modo chiaro a pubblici diversi.', 'Seleziona il livello che meglio ti descrive.'),
('bcac1e28-c8ae-4364-977f-6901a0f2c059', 'en', 'I communicate complex ideas clearly to different audiences.', 'Select the level that best describes you.'),
('bcac1e28-c8ae-4364-977f-6901a0f2c059', 'es', 'Comunico ideas complejas con claridad a diferentes públicos.', 'Selecciona el nivel que mejor te describa.'),
('8330b018-7ea9-490a-80dd-a9fde2697073', 'it', 'Comunico idee complesse in modo chiaro a pubblici diversi.', 'Seleziona il livello che meglio ti descrive.'),
('8330b018-7ea9-490a-80dd-a9fde2697073', 'en', 'I communicate complex ideas clearly to different audiences.', 'Select the level that best describes you.'),
('8330b018-7ea9-490a-80dd-a9fde2697073', 'es', 'Comunico ideas complejas con claridad a diferentes públicos.', 'Selecciona el nivel que mejor te describa.'),
('14884ac2-eb53-4a9a-a1b4-3f486012f8da', 'it', 'Comunico idee complesse in modo chiaro a pubblici diversi.', 'Seleziona il livello che meglio ti descrive.'),
('14884ac2-eb53-4a9a-a1b4-3f486012f8da', 'en', 'I communicate complex ideas clearly to different audiences.', 'Select the level that best describes you.'),
('14884ac2-eb53-4a9a-a1b4-3f486012f8da', 'es', 'Comunico ideas complejas con claridad a diferentes públicos.', 'Selecciona el nivel que mejor te describa.'),
('08d3a6a3-8ae0-4b5c-9701-2cf9dd7ef79c', 'it', 'Apprendo rapidamente nuove informazioni e le applico con efficacia.', 'Seleziona il livello che meglio ti descrive.'),
('08d3a6a3-8ae0-4b5c-9701-2cf9dd7ef79c', 'en', 'I learn new information quickly and apply it effectively.', 'Select the level that best describes you.'),
('08d3a6a3-8ae0-4b5c-9701-2cf9dd7ef79c', 'es', 'Aprendo nueva información rápidamente y la aplico eficazmente.', 'Selecciona el nivel que mejor te describa.'),
('6cc73659-ccfd-42d0-bb65-8010aed67a32', 'it', 'Apprendo rapidamente nuove informazioni e le applico con efficacia.', 'Seleziona il livello che meglio ti descrive.'),
('6cc73659-ccfd-42d0-bb65-8010aed67a32', 'en', 'I learn new information quickly and apply it effectively.', 'Select the level that best describes you.'),
('6cc73659-ccfd-42d0-bb65-8010aed67a32', 'es', 'Aprendo nueva información rápidamente y la aplico eficazmente.', 'Selecciona el nivel que mejor te describa.'),
('8c42140a-8087-49f5-ae9f-96cf225294f7', 'it', 'Apprendo rapidamente nuove informazioni e le applico con efficacia.', 'Seleziona il livello che meglio ti descrive.'),
('8c42140a-8087-49f5-ae9f-96cf225294f7', 'en', 'I learn new information quickly and apply it effectively.', 'Select the level that best describes you.'),
('8c42140a-8087-49f5-ae9f-96cf225294f7', 'es', 'Aprendo nueva información rápidamente y la aplico eficazmente.', 'Selecciona el nivel que mejor te describa.'),
('499f5286-f75a-47ad-8727-15f1fdffaba4', 'it', 'Apprendo rapidamente nuove informazioni e le applico con efficacia.', 'Seleziona il livello che meglio ti descrive.'),
('499f5286-f75a-47ad-8727-15f1fdffaba4', 'en', 'I learn new information quickly and apply it effectively.', 'Select the level that best describes you.'),
('499f5286-f75a-47ad-8727-15f1fdffaba4', 'es', 'Aprendo nueva información rápidamente y la aplico eficazmente.', 'Selecciona el nivel que mejor te describa.'),
('c4be3391-53c7-4d87-bf4e-6ea8b0140c1c', 'it', 'Genero idee innovative e soluzioni creative per i problemi.', 'Seleziona il livello che meglio ti descrive.'),
('c4be3391-53c7-4d87-bf4e-6ea8b0140c1c', 'en', 'I generate innovative ideas and creative solutions to problems.', 'Select the level that best describes you.'),
('c4be3391-53c7-4d87-bf4e-6ea8b0140c1c', 'es', 'Genero ideas innovadoras y soluciones creativas a problemas.', 'Selecciona el nivel que mejor te describa.'),
('6d356188-441f-4d16-bfb5-17d86a37823e', 'it', 'Genero idee innovative e soluzioni creative per i problemi.', 'Seleziona il livello che meglio ti descrive.'),
('6d356188-441f-4d16-bfb5-17d86a37823e', 'en', 'I generate innovative ideas and creative solutions to problems.', 'Select the level that best describes you.'),
('6d356188-441f-4d16-bfb5-17d86a37823e', 'es', 'Genero ideas innovadoras y soluciones creativas a problemas.', 'Selecciona el nivel que mejor te describa.'),
('1caa4375-be88-49f3-a7ee-271bc53a5c55', 'it', 'Genero idee innovative e soluzioni creative per i problemi.', 'Seleziona il livello che meglio ti descrive.'),
('1caa4375-be88-49f3-a7ee-271bc53a5c55', 'en', 'I generate innovative ideas and creative solutions to problems.', 'Select the level that best describes you.'),
('1caa4375-be88-49f3-a7ee-271bc53a5c55', 'es', 'Genero ideas innovadoras y soluciones creativas a problemas.', 'Selecciona el nivel que mejor te describa.'),
('d32a7f92-aedb-4b69-89ad-bd80f1b0a56e', 'it', 'Genero idee innovative e soluzioni creative per i problemi.', 'Seleziona il livello che meglio ti descrive.'),
('d32a7f92-aedb-4b69-89ad-bd80f1b0a56e', 'en', 'I generate innovative ideas and creative solutions to problems.', 'Select the level that best describes you.'),
('d32a7f92-aedb-4b69-89ad-bd80f1b0a56e', 'es', 'Genero ideas innovadoras y soluciones creativas a problemas.', 'Selecciona el nivel que mejor te describa.'),
('d62c4499-c9f7-4fda-858c-e21e2ebfafa4', 'it', 'Sono motivato a raggiungere obiettivi ambiziosi e perseverare.', 'Seleziona il livello che meglio ti descrive.'),
('d62c4499-c9f7-4fda-858c-e21e2ebfafa4', 'en', 'I am motivated to achieve ambitious goals and persevere.', 'Select the level that best describes you.'),
('d62c4499-c9f7-4fda-858c-e21e2ebfafa4', 'es', 'Estoy motivado para alcanzar objetivos ambiciosos y perseverar.', 'Selecciona el nivel que mejor te describa.'),
('cf41eafe-8eaf-4e9e-a7a3-0e41efdee2d4', 'it', 'Sono motivato a raggiungere obiettivi ambiziosi e perseverare.', 'Seleziona il livello che meglio ti descrive.'),
('cf41eafe-8eaf-4e9e-a7a3-0e41efdee2d4', 'en', 'I am motivated to achieve ambitious goals and persevere.', 'Select the level that best describes you.'),
('cf41eafe-8eaf-4e9e-a7a3-0e41efdee2d4', 'es', 'Estoy motivado para alcanzar objetivos ambiciosos y perseverar.', 'Selecciona el nivel que mejor te describa.'),
('6dc0e09e-a9ee-4894-97a7-ab90c5db8ec3', 'it', 'Sono motivato a raggiungere obiettivi ambiziosi e perseverare.', 'Seleziona il livello che meglio ti descrive.'),
('6dc0e09e-a9ee-4894-97a7-ab90c5db8ec3', 'en', 'I am motivated to achieve ambitious goals and persevere.', 'Select the level that best describes you.'),
('6dc0e09e-a9ee-4894-97a7-ab90c5db8ec3', 'es', 'Estoy motivado para alcanzar objetivos ambiciosos y perseverar.', 'Selecciona el nivel que mejor te describa.'),
('6f9cc60d-c36c-45fa-afcf-81e0addc3fa9', 'it', 'Sono motivato a raggiungere obiettivi ambiziosi e perseverare.', 'Seleziona il livello che meglio ti descrive.'),
('6f9cc60d-c36c-45fa-afcf-81e0addc3fa9', 'en', 'I am motivated to achieve ambitious goals and persevere.', 'Select the level that best describes you.'),
('6f9cc60d-c36c-45fa-afcf-81e0addc3fa9', 'es', 'Estoy motivado para alcanzar objetivos ambiciosos y perseverar.', 'Selecciona el nivel que mejor te describa.'),
('2f19eca0-0e3f-4af8-a8ea-0f9bf1868a64', 'it', 'Sono motivato a raggiungere obiettivi ambiziosi e perseverare.', 'Seleziona il livello che meglio ti descrive.'),
('2f19eca0-0e3f-4af8-a8ea-0f9bf1868a64', 'en', 'I am motivated to achieve ambitious goals and persevere.', 'Select the level that best describes you.'),
('2f19eca0-0e3f-4af8-a8ea-0f9bf1868a64', 'es', 'Estoy motivado para alcanzar objetivos ambiciosos y perseverar.', 'Selecciona el nivel que mejor te describa.');

-- 5. answer_options (115 rows - 23 questions × 5 options each)
INSERT INTO public.answer_options (id, question_id, option_index, value_label, weight, next_question_code) VALUES
('fa33b990-b980-4022-b0c6-10fa0fd48277', 'eb23cd91-23cd-4dba-b6c5-846c1384d6b9', 1, 'Strongly disagree', 1.0, null),
('9f0c1cea-0068-4e49-bb18-267e16dc60ca', 'eb23cd91-23cd-4dba-b6c5-846c1384d6b9', 2, 'Disagree', 2.0, null),
('0aacb374-75af-4675-839b-08e7cfe95f27', 'eb23cd91-23cd-4dba-b6c5-846c1384d6b9', 3, 'Neutral', 3.0, null),
('acc15137-02e7-4634-9244-b530378bb872', 'eb23cd91-23cd-4dba-b6c5-846c1384d6b9', 4, 'Agree', 4.0, null),
('f77ab852-b505-457e-8406-e1b74491d640', 'eb23cd91-23cd-4dba-b6c5-846c1384d6b9', 5, 'Strongly agree', 5.0, null),
('e5fd7f80-4f64-462b-a21f-e08277393362', '7dedf3c2-de6e-4429-9474-decf6cf04e8d', 1, 'Strongly disagree', 1.0, null),
('2af4a68e-6636-469b-a430-1711f42054a5', '7dedf3c2-de6e-4429-9474-decf6cf04e8d', 2, 'Disagree', 2.0, null),
('cc803581-c088-4c2b-8210-013e47ad6848', '7dedf3c2-de6e-4429-9474-decf6cf04e8d', 3, 'Neutral', 3.0, null),
('e9e0bc93-eeb0-4d85-86db-a92638660fd5', '7dedf3c2-de6e-4429-9474-decf6cf04e8d', 4, 'Agree', 4.0, null),
('d6108f8f-be02-46be-8177-d4131dab71db', '7dedf3c2-de6e-4429-9474-decf6cf04e8d', 5, 'Strongly agree', 5.0, null),
('81192a5a-8b79-43de-9f31-9776848265d4', '6fe9855f-3aa6-49ff-a679-34a21829e0ad', 1, 'Strongly disagree', 1.0, null),
('42ce19f0-e148-4af3-95cf-8c7ed9e8854c', '6fe9855f-3aa6-49ff-a679-34a21829e0ad', 2, 'Disagree', 2.0, null),
('390cf8c5-42fe-4d67-bd83-dbd878676488', '6fe9855f-3aa6-49ff-a679-34a21829e0ad', 3, 'Neutral', 3.0, null),
('e32e8e38-cd04-46a7-af3b-09c9292a3f02', '6fe9855f-3aa6-49ff-a679-34a21829e0ad', 4, 'Agree', 4.0, null),
('c6b93f03-3975-492b-8958-606323f7480e', '6fe9855f-3aa6-49ff-a679-34a21829e0ad', 5, 'Strongly agree', 5.0, null),
('a5b09137-3a81-418d-ac2a-81c48ae9ca9b', '1ec0bdd4-aca9-431a-8fad-2b51f6482ae6', 1, 'Strongly disagree', 1.0, null),
('0b5aa015-ae62-4e78-a207-862b20f83b74', '1ec0bdd4-aca9-431a-8fad-2b51f6482ae6', 2, 'Disagree', 2.0, null),
('b0fc9698-76c6-49ac-a569-2d99916995d9', '1ec0bdd4-aca9-431a-8fad-2b51f6482ae6', 3, 'Neutral', 3.0, null),
('a1fafbbe-713e-44bc-9ae9-fc5138379b89', '1ec0bdd4-aca9-431a-8fad-2b51f6482ae6', 4, 'Agree', 4.0, null),
('35e06973-3f92-4b5b-8cfc-e8e54c9467fd', '1ec0bdd4-aca9-431a-8fad-2b51f6482ae6', 5, 'Strongly agree', 5.0, null),
('4c65e447-6f69-4d18-aefe-9f44b6fa20e4', '5f9e1331-9d82-4998-8d80-9f634bce55f1', 1, 'Strongly disagree', 1.0, null),
('c8cb174d-d2ec-4808-9d53-0e866ce0381c', '5f9e1331-9d82-4998-8d80-9f634bce55f1', 2, 'Disagree', 2.0, null),
('e4711811-90cc-49e8-aca2-eb839c9e450b', '5f9e1331-9d82-4998-8d80-9f634bce55f1', 3, 'Neutral', 3.0, null),
('2baa14ab-d87d-4c3a-ad2a-9666c52abd09', '5f9e1331-9d82-4998-8d80-9f634bce55f1', 4, 'Agree', 4.0, null),
('68da4de0-a651-42d5-86e0-8e64ab1f6af2', '5f9e1331-9d82-4998-8d80-9f634bce55f1', 5, 'Strongly agree', 5.0, null),
('c5f69eab-9f65-4874-93d6-1f519a20cf98', '8b205e0f-1047-4fdf-a16c-a457761e62f4', 1, 'Strongly disagree', 1.0, null),
('c1b5daba-8985-4205-9d23-457f5a7c5ad3', '8b205e0f-1047-4fdf-a16c-a457761e62f4', 2, 'Disagree', 2.0, null),
('49bb7c26-464d-4199-93c4-cae701b74a7e', '8b205e0f-1047-4fdf-a16c-a457761e62f4', 3, 'Neutral', 3.0, null),
('f731e6f3-01e5-472f-a5f9-e9042ca04a39', '8b205e0f-1047-4fdf-a16c-a457761e62f4', 4, 'Agree', 4.0, null),
('a6e8fc6c-f63d-466c-b47c-22db34eb7a94', '8b205e0f-1047-4fdf-a16c-a457761e62f4', 5, 'Strongly agree', 5.0, null),
('6c7e9edb-0da9-45c9-a39f-8fc19c01ed74', '4f54d201-39c3-4d4d-8388-6a12e7fa7eac', 1, 'Strongly disagree', 1.0, null),
('f3be3cec-92c6-41fc-a4ec-ff36e6d96b51', '4f54d201-39c3-4d4d-8388-6a12e7fa7eac', 2, 'Disagree', 2.0, null),
('56e36ea5-6b13-4bff-898b-cef39be41e81', '4f54d201-39c3-4d4d-8388-6a12e7fa7eac', 3, 'Neutral', 3.0, null),
('47da28e4-81ef-4b30-a9b0-7c6d40e97636', '4f54d201-39c3-4d4d-8388-6a12e7fa7eac', 4, 'Agree', 4.0, null),
('f1c4c86d-02cf-47a5-a19c-af2f83ccce67', '4f54d201-39c3-4d4d-8388-6a12e7fa7eac', 5, 'Strongly agree', 5.0, null),
('a0c2be04-a38d-480a-927d-8e4be18af2cc', 'bcac1e28-c8ae-4364-977f-6901a0f2c059', 1, 'Strongly disagree', 1.0, null),
('edc9df26-f86e-4f00-abc1-c6eff3f02c02', 'bcac1e28-c8ae-4364-977f-6901a0f2c059', 2, 'Disagree', 2.0, null),
('4ad2c73f-8d81-43e1-b69f-f6abb43c80bc', 'bcac1e28-c8ae-4364-977f-6901a0f2c059', 3, 'Neutral', 3.0, null),
('0ee7f9a7-9c4f-4838-879b-abe1e15c2b31', 'bcac1e28-c8ae-4364-977f-6901a0f2c059', 4, 'Agree', 4.0, null),
('f5e887a6-cb75-4b07-b2d0-d05e32df8c15', 'bcac1e28-c8ae-4364-977f-6901a0f2c059', 5, 'Strongly agree', 5.0, null),
('dcb1c0ea-6f8d-4b18-a976-c8fea5b5ff63', '8330b018-7ea9-490a-80dd-a9fde2697073', 1, 'Strongly disagree', 1.0, null),
('f662a0d3-cb9c-416a-8e0d-2dd8e1f1e6f6', '8330b018-7ea9-490a-80dd-a9fde2697073', 2, 'Disagree', 2.0, null),
('30e04ba3-6e2a-42c6-91ff-ea6ac86e46f6', '8330b018-7ea9-490a-80dd-a9fde2697073', 3, 'Neutral', 3.0, null),
('4cdfa3c7-bbf3-4b16-abcc-6a94c5f84f53', '8330b018-7ea9-490a-80dd-a9fde2697073', 4, 'Agree', 4.0, null),
('d0a7f6b4-df14-4d6e-a07e-ff0854c1e5ea', '8330b018-7ea9-490a-80dd-a9fde2697073', 5, 'Strongly agree', 5.0, null),
('7e3ce81b-3f3e-4759-ab65-6dcaf94f7f66', '14884ac2-eb53-4a9a-a1b4-3f486012f8da', 1, 'Strongly disagree', 1.0, null),
('f72f7c3b-c18e-4b88-bcae-ff87d30e0bcc', '14884ac2-eb53-4a9a-a1b4-3f486012f8da', 2, 'Disagree', 2.0, null),
('b58b6c36-d8fd-461c-9bcc-31f83dcc4dbd', '14884ac2-eb53-4a9a-a1b4-3f486012f8da', 3, 'Neutral', 3.0, null),
('d89ddf24-1c3b-43dd-ad88-aee7d72e6b1c', '14884ac2-eb53-4a9a-a1b4-3f486012f8da', 4, 'Agree', 4.0, null),
('3e2fec37-e23c-442c-ab07-bbc1a3a64d40', '14884ac2-eb53-4a9a-a1b4-3f486012f8da', 5, 'Strongly agree', 5.0, null),
('4f7ad60e-dd25-4847-b49c-75f7acf2f0d9', '08d3a6a3-8ae0-4b5c-9701-2cf9dd7ef79c', 1, 'Strongly disagree', 1.0, null),
('4fd6c18b-51e9-4686-a3e4-1e82c14ae025', '08d3a6a3-8ae0-4b5c-9701-2cf9dd7ef79c', 2, 'Disagree', 2.0, null),
('16d43001-1b5e-44e8-99e4-b49e5d0a7cb9', '08d3a6a3-8ae0-4b5c-9701-2cf9dd7ef79c', 3, 'Neutral', 3.0, null),
('ee0f759d-0e89-472f-9a71-8e8c9c8b2f84', '08d3a6a3-8ae0-4b5c-9701-2cf9dd7ef79c', 4, 'Agree', 4.0, null),
('f31b0cd5-84ae-4c9b-b3a8-8766ae33d7ab', '08d3a6a3-8ae0-4b5c-9701-2cf9dd7ef79c', 5, 'Strongly agree', 5.0, null),
('5e91f832-6fcb-4844-a1b1-56f7a2f34d17', '6cc73659-ccfd-42d0-bb65-8010aed67a32', 1, 'Strongly disagree', 1.0, null),
('12a19a78-75c3-44ae-90e3-76a87f94f8a3', '6cc73659-ccfd-42d0-bb65-8010aed67a32', 2, 'Disagree', 2.0, null),
('df8b9e77-c797-487c-a696-f6bd4a9d46eb', '6cc73659-ccfd-42d0-bb65-8010aed67a32', 3, 'Neutral', 3.0, null),
('e7bd9c91-dd98-47e6-b9d2-cf6daf37adf0', '6cc73659-ccfd-42d0-bb65-8010aed67a32', 4, 'Agree', 4.0, null),
('bf7f5a14-0802-478e-bedd-4a5c0dc837ab', '6cc73659-ccfd-42d0-bb65-8010aed67a32', 5, 'Strongly agree', 5.0, null),
('07aa7e64-41bc-45ff-b23e-21f36d42ff91', '8c42140a-8087-49f5-ae9f-96cf225294f7', 1, 'Strongly disagree', 1.0, null),
('27e9efa9-fa01-40ed-bfe3-7fbd2697f4ed', '8c42140a-8087-49f5-ae9f-96cf225294f7', 2, 'Disagree', 2.0, null),
('07c1f03d-c26e-42e5-aa29-04ad7e04e1d4', '8c42140a-8087-49f5-ae9f-96cf225294f7', 3, 'Neutral', 3.0, null),
('0e1f0e85-f60d-4e01-bd48-d3c0bc4f5889', '8c42140a-8087-49f5-ae9f-96cf225294f7', 4, 'Agree', 4.0, null),
('ae39d878-4984-4a3d-beea-1f00326c3094', '8c42140a-8087-49f5-ae9f-96cf225294f7', 5, 'Strongly agree', 5.0, null),
('96c0f2be-cc06-485a-a0ae-0e3ecc6de29e', '499f5286-f75a-47ad-8727-15f1fdffaba4', 1, 'Strongly disagree', 1.0, null),
('daec48e7-a0d8-4b86-a9db-4e56879e2b49', '499f5286-f75a-47ad-8727-15f1fdffaba4', 2, 'Disagree', 2.0, null),
('fc4280ff-c08a-49ea-9b85-effc6efc9c4b', '499f5286-f75a-47ad-8727-15f1fdffaba4', 3, 'Neutral', 3.0, null),
('ccb5c893-05dc-4849-bf67-f8a44ac851f5', '499f5286-f75a-47ad-8727-15f1fdffaba4', 4, 'Agree', 4.0, null),
('65b47ce3-6463-477c-b6d7-70f1a43b5e60', '499f5286-f75a-47ad-8727-15f1fdffaba4', 5, 'Strongly agree', 5.0, null),
('3e1a7eba-e6d1-4b01-a01a-c00fa0db3e0f', 'c4be3391-53c7-4d87-bf4e-6ea8b0140c1c', 1, 'Strongly disagree', 1.0, null),
('c0dc7210-1c5a-47fa-8adc-d07fca4f00df', 'c4be3391-53c7-4d87-bf4e-6ea8b0140c1c', 2, 'Disagree', 2.0, null),
('7d5a2fc2-6dcf-426a-8ecb-1e6b36dd20a1', 'c4be3391-53c7-4d87-bf4e-6ea8b0140c1c', 3, 'Neutral', 3.0, null),
('dd5d4bc3-5f3a-4bb6-8f2c-ad52d8f7f4b9', 'c4be3391-53c7-4d87-bf4e-6ea8b0140c1c', 4, 'Agree', 4.0, null),
('65dc9d09-2c2d-4ced-bc4e-cc43b3b6f75d', 'c4be3391-53c7-4d87-bf4e-6ea8b0140c1c', 5, 'Strongly agree', 5.0, null),
('f53c54dd-50e4-4e91-a91d-8f9b0ec56ab3', '6d356188-441f-4d16-bfb5-17d86a37823e', 1, 'Strongly disagree', 1.0, null),
('6b0b0e6d-2dad-4e5b-83a6-d95d2e4ad866', '6d356188-441f-4d16-bfb5-17d86a37823e', 2, 'Disagree', 2.0, null),
('e7d35c40-c6e6-4dd3-8838-9a79a0a3ef1d', '6d356188-441f-4d16-bfb5-17d86a37823e', 3, 'Neutral', 3.0, null),
('ffde79e7-de17-4878-8ba1-f6c1dd18e29e', '6d356188-441f-4d16-bfb5-17d86a37823e', 4, 'Agree', 4.0, null),
('bda43e79-2faf-46df-882d-10e8bba58f9a', '6d356188-441f-4d16-bfb5-17d86a37823e', 5, 'Strongly agree', 5.0, null),
('5d3ecbaf-d56b-42b0-b8c7-2ee2bdf5d7b0', '1caa4375-be88-49f3-a7ee-271bc53a5c55', 1, 'Strongly disagree', 1.0, null),
('d47b16c7-d98d-4b08-8c63-4e3ef18fe3c9', '1caa4375-be88-49f3-a7ee-271bc53a5c55', 2, 'Disagree', 2.0, null),
('2fd9eb23-8c0e-4ce9-a88f-2bc8d3be8e3a', '1caa4375-be88-49f3-a7ee-271bc53a5c55', 3, 'Neutral', 3.0, null),
('9b3b4a2b-2c44-4563-9c1c-dfe26bcaebfb', '1caa4375-be88-49f3-a7ee-271bc53a5c55', 4, 'Agree', 4.0, null),
('5e53dae9-dcea-49e2-93f5-16e1c0e0d3fa', '1caa4375-be88-49f3-a7ee-271bc53a5c55', 5, 'Strongly agree', 5.0, null),
('e0b8afef-4c73-47e1-b382-ea86de4d1ae4', 'd32a7f92-aedb-4b69-89ad-bd80f1b0a56e', 1, 'Strongly disagree', 1.0, null),
('f5f27e4b-f9e0-49b9-b05b-3e8f5fef5c47', 'd32a7f92-aedb-4b69-89ad-bd80f1b0a56e', 2, 'Disagree', 2.0, null),
('f3879c85-5b60-4e88-b3ff-1e8a60e96f4b', 'd32a7f92-aedb-4b69-89ad-bd80f1b0a56e', 3, 'Neutral', 3.0, null),
('81b87c98-8ca1-413c-8b44-81ad5ada24f1', 'd32a7f92-aedb-4b69-89ad-bd80f1b0a56e', 4, 'Agree', 4.0, null),
('77adacfd-92e3-46f8-bcfc-e7f3b9e71cfb', 'd32a7f92-aedb-4b69-89ad-bd80f1b0a56e', 5, 'Strongly agree', 5.0, null),
('c3dfd9df-b5eb-4d2f-a1be-cd1c4fedf6e0', 'd62c4499-c9f7-4fda-858c-e21e2ebfafa4', 1, 'Strongly disagree', 1.0, null),
('52a5fd8a-d46c-4b9b-80ee-35b9ec9c8b3f', 'd62c4499-c9f7-4fda-858c-e21e2ebfafa4', 2, 'Disagree', 2.0, null),
('5e58f45a-c0f1-4c03-a0c9-78e7ae50d4cd', 'd62c4499-c9f7-4fda-858c-e21e2ebfafa4', 3, 'Neutral', 3.0, null),
('34c6d55d-bcb6-4c8c-b17a-8b68b5ce08d9', 'd62c4499-c9f7-4fda-858c-e21e2ebfafa4', 4, 'Agree', 4.0, null),
('59cad949-23d6-4405-9e6c-2729eceff9f9', 'd62c4499-c9f7-4fda-858c-e21e2ebfafa4', 5, 'Strongly agree', 5.0, null),
('c41a8bdc-7afc-4e75-bdc5-9b6e2b7ac9c3', 'cf41eafe-8eaf-4e9e-a7a3-0e41efdee2d4', 1, 'Strongly disagree', 1.0, null),
('a6e8ad99-8e16-4e9f-9b51-79a7c4a7a78c', 'cf41eafe-8eaf-4e9e-a7a3-0e41efdee2d4', 2, 'Disagree', 2.0, null),
('28a4f8f5-7c4f-4bc7-bcb2-88fccc8d89df', 'cf41eafe-8eaf-4e9e-a7a3-0e41efdee2d4', 3, 'Neutral', 3.0, null),
('de8c36f9-aebc-4d14-9b62-c5bf6a6a7e8a', 'cf41eafe-8eaf-4e9e-a7a3-0e41efdee2d4', 4, 'Agree', 4.0, null),
('1dd1b63d-0a4f-44b8-b3ee-69ff9e78ae6e', 'cf41eafe-8eaf-4e9e-a7a3-0e41efdee2d4', 5, 'Strongly agree', 5.0, null),
('f05c3c9d-95d7-40b6-b5fb-f3e6f6e2ae79', '6dc0e09e-a9ee-4894-97a7-ab90c5db8ec3', 1, 'Strongly disagree', 1.0, null),
('c64f0a89-daf2-4532-b5c4-ee51697ab4e6', '6dc0e09e-a9ee-4894-97a7-ab90c5db8ec3', 2, 'Disagree', 2.0, null),
('b81db06e-03db-400e-a75a-c7b1a7d5ca4a', '6dc0e09e-a9ee-4894-97a7-ab90c5db8ec3', 3, 'Neutral', 3.0, null),
('f1da6a6f-6f07-4de6-a15f-c8be0f73e0b8', '6dc0e09e-a9ee-4894-97a7-ab90c5db8ec3', 4, 'Agree', 4.0, null),
('f6a85f6b-7b4f-4e0a-90b4-e1cb9ab7f0c8', '6dc0e09e-a9ee-4894-97a7-ab90c5db8ec3', 5, 'Strongly agree', 5.0, null),
('33b94f0e-15a0-4a0e-a3bc-2dc8ba23ad74', '6f9cc60d-c36c-45fa-afcf-81e0addc3fa9', 1, 'Strongly disagree', 1.0, null),
('7f3a86ca-ae57-4fca-9f4a-d7acceaae13c', '6f9cc60d-c36c-45fa-afcf-81e0addc3fa9', 2, 'Disagree', 2.0, null),
('fbdbb9cb-e33f-4fc0-b45d-23dbeebbd67d', '6f9cc60d-c36c-45fa-afcf-81e0addc3fa9', 3, 'Neutral', 3.0, null),
('2f8e6b0c-58f8-4a59-ab2c-c85ada9ebde3', '6f9cc60d-c36c-45fa-afcf-81e0addc3fa9', 4, 'Agree', 4.0, null),
('41daa60e-4036-4a19-8fc7-bf9b95b7e99a', '6f9cc60d-c36c-45fa-afcf-81e0addc3fa9', 5, 'Strongly agree', 5.0, null),
('78db8ab3-ce00-4b19-8789-a6bf3c89f1ea', '2f19eca0-0e3f-4af8-a8ea-0f9bf1868a64', 1, 'Strongly disagree', 1.0, null),
('d17a4afb-d3ca-4f7b-aa08-8afebcd9d3f1', '2f19eca0-0e3f-4af8-a8ea-0f9bf1868a64', 2, 'Disagree', 2.0, null),
('9e7cd0a5-2be3-4cf5-a74f-c5dbab31ea77', '2f19eca0-0e3f-4af8-a8ea-0f9bf1868a64', 3, 'Neutral', 3.0, null),
('d9e2c62c-89d6-4a09-b4e7-3a0ba3e48e8e', '2f19eca0-0e3f-4af8-a8ea-0f9bf1868a64', 4, 'Agree', 4.0, null),
('88dbd6f5-4cb2-4abf-87e6-3dbf9cf8a0bf', '2f19eca0-0e3f-4af8-a8ea-0f9bf1868a64', 5, 'Strongly agree', 5.0, null);

-- 6. flow_questions (23 rows - mapping questions to flow sections)
INSERT INTO public.flow_questions (id, flow_id, section_id, question_id, position) VALUES
('9a007210-b874-47dc-a0e9-472a6527aa06', 'eb856241-28fb-417b-b43a-38b8bbeec6cd', 'd6b66867-b78f-416e-9595-7eb82027155e', 'eb23cd91-23cd-4dba-b6c5-846c1384d6b9', 1),
('2a3c7578-2d63-4b93-866d-0f9825f5b335', 'eb856241-28fb-417b-b43a-38b8bbeec6cd', 'd6b66867-b78f-416e-9595-7eb82027155e', '7dedf3c2-de6e-4429-9474-decf6cf04e8d', 2),
('f5c22b6f-d782-4dd9-8136-89133fe80e8c', 'eb856241-28fb-417b-b43a-38b8bbeec6cd', 'd6b66867-b78f-416e-9595-7eb82027155e', '6fe9855f-3aa6-49ff-a679-34a21829e0ad', 3),
('605ebc13-1ee1-4f9c-9cb4-e65145c26078', 'eb856241-28fb-417b-b43a-38b8bbeec6cd', 'd6b66867-b78f-416e-9595-7eb82027155e', '1ec0bdd4-aca9-431a-8fad-2b51f6482ae6', 4),
('71f442f1-6039-4b03-94ca-548ebfa5f347', 'eb856241-28fb-417b-b43a-38b8bbeec6cd', 'd6b66867-b78f-416e-9595-7eb82027155e', '5f9e1331-9d82-4998-8d80-9f634bce55f1', 5),
('c1c721bd-848a-4926-ada9-476f14f99acb', 'eb856241-28fb-417b-b43a-38b8bbeec6cd', 'd6b66867-b78f-416e-9595-7eb82027155e', '8b205e0f-1047-4fdf-a16c-a457761e62f4', 6),
('2afcd4b0-294e-440a-90d9-2bb5330d8284', 'eb856241-28fb-417b-b43a-38b8bbeec6cd', 'd6b66867-b78f-416e-9595-7eb82027155e', '4f54d201-39c3-4d4d-8388-6a12e7fa7eac', 7),
('37984107-038e-428f-9eb2-f5bb6b362870', 'eb856241-28fb-417b-b43a-38b8bbeec6cd', 'd6b66867-b78f-416e-9595-7eb82027155e', 'bcac1e28-c8ae-4364-977f-6901a0f2c059', 8),
('9af5ed1c-6f42-4027-a046-dee6b44abfa5', 'eb856241-28fb-417b-b43a-38b8bbeec6cd', 'edd0be50-1ad0-41d0-992f-250b76f0addd', '8330b018-7ea9-490a-80dd-a9fde2697073', 9),
('2a1b6b44-077e-4967-a49d-d72d7e0633fb', 'eb856241-28fb-417b-b43a-38b8bbeec6cd', 'edd0be50-1ad0-41d0-992f-250b76f0addd', '14884ac2-eb53-4a9a-a1b4-3f486012f8da', 10),
('690e5f1f-2a29-4a1f-90f7-a7c58ae43a72', 'eb856241-28fb-417b-b43a-38b8bbeec6cd', 'edd0be50-1ad0-41d0-992f-250b76f0addd', '08d3a6a3-8ae0-4b5c-9701-2cf9dd7ef79c', 11),
('44609493-5182-4542-9f97-f1ff2242011c', 'eb856241-28fb-417b-b43a-38b8bbeec6cd', 'edd0be50-1ad0-41d0-992f-250b76f0addd', '6cc73659-ccfd-42d0-bb65-8010aed67a32', 12),
('1feb610a-c5f6-4f9f-83ed-b42c632390df', 'eb856241-28fb-417b-b43a-38b8bbeec6cd', 'edd0be50-1ad0-41d0-992f-250b76f0addd', '8c42140a-8087-49f5-ae9f-96cf225294f7', 13),
('fa392b67-ad90-4b09-a205-8ab537d93f2d', 'eb856241-28fb-417b-b43a-38b8bbeec6cd', 'edd0be50-1ad0-41d0-992f-250b76f0addd', '499f5286-f75a-47ad-8727-15f1fdffaba4', 14),
('c6b2364e-5a21-47ec-ac57-823d78999148', 'eb856241-28fb-417b-b43a-38b8bbeec6cd', 'edd0be50-1ad0-41d0-992f-250b76f0addd', 'c4be3391-53c7-4d87-bf4e-6ea8b0140c1c', 15),
('efe5522a-fa2e-48fc-a40f-7e12697cd263', 'eb856241-28fb-417b-b43a-38b8bbeec6cd', 'edd0be50-1ad0-41d0-992f-250b76f0addd', '6d356188-441f-4d16-bfb5-17d86a37823e', 16),
('7a70998c-7adc-4bd4-ac7f-dd016d8b7ddb', 'eb856241-28fb-417b-b43a-38b8bbeec6cd', '51a2c70f-157a-4cc5-952f-a685f0656846', '1caa4375-be88-49f3-a7ee-271bc53a5c55', 17),
('9968dfa7-8d25-47d1-90db-1ec29e92c0eb', 'eb856241-28fb-417b-b43a-38b8bbeec6cd', '51a2c70f-157a-4cc5-952f-a685f0656846', 'd32a7f92-aedb-4b69-89ad-bd80f1b0a56e', 18),
('09d5c7c7-5dc6-4853-8d26-cc11c40f4fd7', 'eb856241-28fb-417b-b43a-38b8bbeec6cd', '51a2c70f-157a-4cc5-952f-a685f0656846', 'd62c4499-c9f7-4fda-858c-e21e2ebfafa4', 19),
('f7c74dd0-b69a-4a3b-ae36-71fa5821ffa2', 'eb856241-28fb-417b-b43a-38b8bbeec6cd', '51a2c70f-157a-4cc5-952f-a685f0656846', 'cf41eafe-8eaf-4e9e-a7a3-0e41efdee2d4', 20),
('b23c5b83-e8d4-4b1d-8638-5c26c14e6758', 'eb856241-28fb-417b-b43a-38b8bbeec6cd', '51a2c70f-157a-4cc5-952f-a685f0656846', '6dc0e09e-a9ee-4894-97a7-ab90c5db8ec3', 21),
('a8c1f3ba-cf1a-4fce-81f7-30cdbd823f8b', 'eb856241-28fb-417b-b43a-38b8bbeec6cd', '51a2c70f-157a-4cc5-952f-a685f0656846', '6f9cc60d-c36c-45fa-afcf-81e0addc3fa9', 22),
('3e73f98e-4ded-401f-ab9d-ae7b68e8a19c', 'eb856241-28fb-417b-b43a-38b8bbeec6cd', '51a2c70f-157a-4cc5-952f-a685f0656846', '2f19eca0-0e3f-4af8-a8ea-0f9bf1868a64', 23);